Company,TypeName,Inches,touch,Ram (gb),mem ssd gb,mem flash gb,mem HDD gb,OpSys,Weight (kg),Price_euros (Output)
0,1,13.3,0,8,128,0,0,0,1.37,1339.69
0,1,13.3,0,8,0,128,0,0,1.34,898.94
1,0,15.6,0,8,256,0,0,1,1.86,575
0,1,15.4,0,16,512,0,0,0,1.83,2537.45
0,1,13.3,0,8,256,0,0,0,1.37,1803.6
2,0,15.6,0,4,0,0,500,2,2.1,400
0,1,15.4,0,16,0,256,0,3,2.04,2139.97
0,1,13.3,0,8,0,256,0,0,1.34,1158.7
3,1,14,0,16,512,0,0,2,1.3,1495
2,1,14,0,8,256,0,0,2,1.6,770
1,0,15.6,0,4,0,0,500,1,1.86,393.9
1,0,15.6,0,4,0,0,500,1,1.86,344.99
0,1,15.4,0,16,256,0,0,0,1.83,2439.97
4,0,15.6,0,4,256,0,0,2,2.2,498.9
0,1,12,0,8,256,0,0,0,0.92,1262.4
0,1,13.3,0,8,256,0,0,0,1.37,1518.55
4,0,15.6,0,8,256,0,0,2,2.2,745
0,1,15.4,0,16,512,0,0,0,1.83,2858
5,0,15.6,0,8,0,0,1024,1,2.2,499
4,1,13.3,1,8,128,0,0,2,1.22,979
3,5,11.6,0,2,0,32,0,2,0.98,191.9
5,2,15.6,0,8,128,0,1024,2,2.5,999
1,0,15.6,0,4,0,0,500,1,1.86,258
4,3,13.3,1,8,256,0,0,2,1.62,819
1,1,15.6,0,8,256,0,0,2,1.91,659
4,0,15.6,0,4,0,0,1024,2,2.3,418.64
0,1,13.3,0,8,0,128,0,3,1.35,1099
4,0,15.6,0,8,256,0,0,2,2.2,800
4,1,15.6,0,8,256,0,0,2,1.88,1298
1,0,17.3,0,8,0,0,1024,2,2.5,896
6,0,15.6,0,4,0,64,0,2,1.89,244.99
3,0,14,0,2,0,32,0,2,1.65,199
1,0,17.3,0,4,0,0,500,2,2.71,439
4,1,13.3,1,16,512,0,0,2,1.2,1869
0,1,13.3,0,8,0,256,0,3,1.35,998
5,0,14,0,4,0,64,0,2,1.44,249
2,0,15.6,0,4,0,0,1024,4,2.1,367
4,0,17.3,0,8,128,0,1024,2,2.8,979
1,0,15.6,0,4,0,0,1024,2,1.86,488.69
1,0,15.6,0,8,256,0,0,2,2.1,879
3,0,15.6,0,4,0,0,1024,4,2,389
4,2,15.6,0,16,256,0,1024,2,2.65,1499
3,0,15.6,0,8,0,0,1024,4,2.3,522.99
2,0,15.6,0,4,256,0,0,2,2.2,682
4,3,17.3,1,12,0,0,1024,2,2.77,999
0,1,13.3,0,8,256,0,0,0,1.37,1419
5,0,15.6,0,4,128,0,0,1,2.2,369
3,2,17.3,0,8,256,0,1024,2,3.2,1299
4,0,15.6,0,4,256,0,0,2,2.3,639
3,0,17.3,0,4,0,0,1024,2,2.8,466
5,3,10.1,1,4,0,64,0,5,0.69,319
2,0,15.6,0,8,256,0,0,2,2.2,841
1,0,15.6,0,4,256,0,0,2,1.86,398.49
1,0,13.3,0,8,512,0,0,2,1.49,1103
2,0,15.6,0,4,0,0,1024,2,2.4,384
4,0,15.6,0,8,256,0,0,2,2.13,767.8
1,0,15.6,0,4,128,0,0,2,1.91,439
3,0,15.6,0,4,256,0,0,2,2,586.19
7,2,17.3,0,16,256,0,2048,2,2.43,2449
3,0,15.6,0,4,256,0,0,4,2,415
4,0,17.3,0,16,256,0,2048,2,2.8,1299
4,1,14,0,8,256,0,0,2,1.7,879
5,0,14,0,8,256,0,0,1,1.7,599
3,0,14,0,8,256,0,0,2,1.4,941
1,0,15.6,0,8,256,0,0,2,1.86,690
3,1,15.6,0,16,512,0,0,2,1.8,1983
1,0,15.6,0,4,0,0,500,2,1.86,438.69
1,0,14,0,4,32,0,0,2,1.44,229
5,0,15.6,0,4,0,0,1024,2,1.9,549
3,2,17.3,0,12,0,0,1024,4,3,949
8,1,13.5,1,4,128,0,0,6,1.252,1089
4,1,13.3,0,8,256,0,0,2,1.4,955
4,0,15.6,0,8,256,0,0,2,2.2,870
7,2,17.3,0,8,128,0,1024,2,2.7,1095
2,0,14,0,8,0,0,1024,2,2.1,389
3,2,15.6,0,8,0,0,1024,2,2.2,949
5,0,15.6,0,8,0,0,2048,1,2.2,519
4,0,15.6,0,8,128,0,1024,2,2.02,855
2,0,15.6,0,4,0,0,1024,2,2.2,530
1,0,17.3,0,8,128,0,1024,2,2.5,977
4,1,15.6,0,8,256,0,0,2,1.88,1096.16
0,1,12,0,8,512,0,0,0,0.92,1510
1,0,14,0,8,256,0,0,2,1.63,860
5,0,15.6,0,4,128,0,0,2,2.2,399
2,0,15.6,0,4,0,0,1024,2,2.1,395
4,2,15.6,0,16,128,0,1024,2,2.65,1349
1,1,15.6,0,8,256,0,0,2,1.83,699
1,0,15.6,0,8,256,0,0,2,1.96,598.99
3,2,15.6,0,16,128,0,1024,2,2.2,1449
4,1,13.3,0,8,256,0,0,2,1.21,1649
3,2,15.6,0,8,0,0,1024,2,2.45,699
2,0,15.6,0,8,0,0,1024,2,2.2,689
1,0,13.3,0,16,512,0,0,2,1.49,1197
4,2,15.6,0,8,256,0,0,2,2.65,1195
3,1,14,0,8,256,0,0,2,1.25,1049
2,3,13.3,1,8,256,0,0,2,1.5,847
4,0,15.6,0,8,0,0,1024,4,2.2,599.9
4,0,15.6,0,4,256,0,0,4,2.2,485
3,0,15.6,0,6,256,0,0,2,2,577
1,2,15.6,0,12,128,0,1024,2,2.62,1249
1,0,15.6,0,8,256,0,0,2,1.91,719
1,0,15.6,0,4,0,0,500,2,2.1,349
4,0,15.6,0,8,0,0,1024,4,2.2,647
1,1,13.3,0,8,256,0,0,2,1.38,1119
8,1,13.5,1,8,256,0,0,6,1.252,1340
1,0,14,0,6,256,0,0,2,1.58,659
5,0,15.6,0,4,0,0,1024,2,1.85,414.9
3,1,14,0,8,256,0,0,2,1.3,1193
7,2,15.6,0,16,256,0,1024,2,2.2,1299
5,0,14,0,8,256,0,0,2,1.58,1480
3,1,15.6,0,16,256,0,1024,2,1.5,1262
4,1,13.3,1,8,256,0,0,2,1.23,1379
5,3,13.3,1,8,256,0,0,2,1.37,1399
1,0,14,0,4,0,0,500,2,1.63,722
4,1,13.3,0,8,256,0,0,2,1.21,1629
1,3,13.3,1,8,256,0,0,2,1.26,1398.99
1,0,14,0,8,512,0,0,2,1.63,1084
4,0,15.6,0,8,256,0,1024,2,2.16,1130.33
3,0,17.3,0,4,0,0,1024,2,2,564
3,0,15.6,0,8,256,0,0,2,1.7,1118
2,0,15.6,1,6,0,0,1024,2,2.1,479
7,2,15.6,0,16,256,0,2048,2,1.8,2241.5
5,0,15.6,0,8,256,0,0,1,2.2,629
1,0,17.3,0,16,512,0,0,2,2.5,1271
2,0,15.6,0,4,256,0,0,2,2.1,451
1,0,15.6,0,4,0,0,500,1,1.86,259
1,0,14,0,8,0,0,1024,2,1.63,812
3,0,14,0,4,64,0,0,6,1.65,277.99
4,0,17.3,0,16,256,0,2048,2,2.8,1396
1,0,17.3,0,8,256,0,0,2,2.5,928
4,0,15.6,0,8,0,0,1024,2,2.36,638.99
4,0,15.6,0,4,0,0,1024,2,2.2,449
2,1,14,0,8,256,0,0,2,1.6,884
2,0,15.6,0,4,256,0,0,2,2.2,572
1,0,15.6,0,8,0,0,1024,2,2.05,598
1,0,14,0,8,256,0,0,2,1.63,988
5,0,15.6,0,4,0,0,1024,1,1.9,252.36
3,2,17.3,0,8,128,0,1024,2,3,938
5,0,15.6,0,4,0,0,1024,1,2.2,499
1,0,13.3,0,4,256,0,0,2,1.32,699
2,0,17.3,0,4,0,0,1024,2,3,655
5,0,14,0,8,256,0,0,2,1.75,1116.02
5,2,15.6,0,8,256,0,0,1,2.4,869
9,0,15.6,0,4,0,0,500,2,2.1,602
1,0,15.6,0,4,256,0,0,2,1.86,369
3,1,14,0,8,256,0,0,2,1.25,1099
1,1,12.5,1,8,512,0,0,2,0.97,2014
3,0,15.6,0,4,0,0,1024,2,2,344
7,2,17.3,0,16,256,0,1024,2,2.9,2029
2,0,15.6,0,4,0,0,1024,2,2.1,447
4,2,15.6,0,16,512,0,0,2,2.56,1249.26
5,0,15.6,0,4,128,0,0,2,1.9,498
7,2,17.3,0,16,256,0,1024,2,2.8,1890
1,1,14,0,4,256,0,0,2,1.48,1082
1,0,15.6,0,6,256,0,0,2,1.91,619
5,3,14,1,4,256,0,0,2,1.74,629
3,3,13.3,1,8,256,0,0,2,1.1,1315
4,3,15.6,1,8,256,0,0,2,1.56,1049
9,0,15.6,0,4,0,0,500,2,2.1,447
3,0,15.6,0,4,0,0,1024,2,2.03,403
2,0,17.3,0,4,256,0,0,2,3,805
4,0,15.6,0,8,256,0,0,2,2.13,728
5,2,15.6,0,16,256,0,0,2,2.5,1079
2,0,15.6,0,4,0,0,1024,2,2.1,348
7,2,15.6,0,16,256,0,1024,2,2.4,1799
2,0,15.6,0,4,0,0,1024,2,2.1,363.51
4,2,15.6,0,8,128,0,1024,2,2.56,1060.49
2,0,17.3,0,8,256,0,0,2,3,854
1,0,13.3,0,4,0,0,500,2,1.49,754
10,1,13,0,8,256,0,0,2,1.05,1349
1,0,17.3,0,6,0,0,2048,2,2.71,699
5,0,15.6,0,4,0,0,500,1,2.2,309
9,0,15.6,0,4,0,0,500,2,2,489
1,0,17.3,0,8,256,0,0,2,2.5,923
4,0,15.6,0,8,0,0,1024,2,2.3,459
2,0,15.6,0,4,128,0,0,2,2.1,449
7,2,18.4,0,32,512,0,1024,2,4.4,2799
5,0,15.6,0,8,128,0,1024,2,1.9,813
1,3,13.3,1,8,256,0,0,2,1.29,1499
4,0,15.6,0,16,256,0,2048,4,2.02,1049
4,1,13.3,0,8,256,0,0,2,1.23,1399
5,3,13.9,1,16,512,0,0,2,1.4,1849
9,0,15.6,0,8,128,0,0,2,2,793
11,0,15.6,0,8,256,0,0,1,1.95,1199
4,0,17.3,1,16,512,0,0,2,2.77,1549
4,0,15.6,1,16,512,0,0,2,2.06,2397
5,2,15.6,0,8,256,0,0,1,2.4,779
2,1,13.3,0,8,256,0,0,2,1.12,989
4,0,17.3,0,8,128,0,1024,2,2.8,1085
5,3,14,1,16,1024,0,0,2,1.42,2824
12,0,14,0,4,0,32,0,2,1.3,260
11,1,13.3,0,8,256,0,0,1,1.3,999.9
5,0,17.3,0,8,256,0,0,1,2.8,698
4,3,13.3,1,8,0,0,1024,2,1.62,839
1,0,17.3,0,8,0,0,1024,2,2.5,914
13,2,17.3,1,32,1024,0,0,2,3.49,6099
1,0,13.3,0,8,512,0,0,2,1.49,959
1,2,17.3,0,16,256,0,1024,2,3.35,1379
1,0,17.3,0,8,256,0,0,2,2.5,1045
4,2,15.6,0,16,512,0,1024,2,2.65,1845
5,0,15.6,0,4,128,0,0,2,2.1,493
2,0,15.6,0,8,0,0,1024,2,2.23,742
5,2,15.6,0,16,512,0,1024,2,3.2,1749
4,4,15.6,0,16,256,0,1024,2,2.8,3055
5,2,15.6,0,16,512,0,0,1,2.4,1398
4,0,15.6,1,6,0,0,1024,2,2.3,439
4,1,13.3,1,8,256,0,0,2,1.21,1949
4,1,13.3,0,8,256,0,0,2,1.2,1449
5,0,15.6,0,8,256,0,0,2,2.2,597
2,0,15.6,0,8,0,0,1024,4,2.4,779
3,2,17.3,0,16,256,0,1024,2,2.9,1407
1,0,15.6,0,4,0,0,500,1,2.1,349
5,0,15.6,0,8,256,0,0,1,2.2,549
10,1,13,0,8,512,0,0,2,1.05,1499
4,1,13.3,0,8,256,0,0,2,1.4,931.88
5,0,17.3,0,8,0,0,1024,1,2.8,589
1,0,14,0,8,256,0,0,2,1.63,1031
4,1,14,0,8,256,0,0,2,1.6,1149
4,3,13.3,1,16,512,0,0,2,1.62,1279
4,0,15.6,0,8,256,0,0,4,2.2,677.35
5,3,14,0,8,256,0,0,2,1.74,899
9,1,13.3,0,8,256,0,0,2,1.2,1363
1,0,15.6,0,8,0,0,1024,2,2.1,794
4,2,17.3,0,16,256,0,1024,2,4.42,2456.34
2,0,15.6,0,8,256,0,0,2,2.2,832
4,0,15.6,1,16,0,0,1024,2,2.3,859.01
3,0,15.6,0,8,256,0,0,2,2,769
3,0,17.3,0,8,256,0,500,2,2.69,891
1,0,15.6,0,8,0,0,1024,2,1.9,1269
3,0,15.6,0,4,0,0,1024,2,2.37,398.99
1,0,15.6,0,4,0,0,500,2,2.1,330
5,2,15.6,0,16,256,0,1024,2,3.2,1499
4,0,14,0,8,256,0,0,2,1.6,859
2,3,13.3,1,8,256,0,0,2,1.6,689
4,0,15.6,0,16,256,0,0,4,2.36,899
2,0,15.6,0,4,0,0,1024,4,2.1,390
3,0,15.6,0,4,128,0,1024,2,2.2,575
3,2,17.3,0,32,512,0,1024,2,4.7,3890
2,2,15.6,0,8,256,0,0,2,2.5,846
5,0,15.6,0,8,128,0,0,2,2.2,589
3,0,17.3,0,8,128,0,1024,2,2.1,1145
3,0,17.3,0,8,128,0,1024,1,2.69,889
4,2,15.6,0,8,256,0,0,2,2.56,879
5,3,13.9,1,8,256,0,0,2,1.38,1079
4,0,15.6,0,8,128,0,2048,2,2.2,985
1,0,15.6,1,8,0,0,1024,2,2.04,559
3,2,17.3,0,16,256,0,0,2,3.6,2999
1,0,13.3,0,4,0,0,500,2,1.49,675
0,1,13.3,0,8,512,0,0,0,1.37,2040
4,3,15.6,1,8,0,0,1024,2,2.08,819
3,2,17.3,0,16,256,0,1024,2,4.3,1799
3,0,15.6,0,4,0,0,1024,2,1.68,469
5,3,13.9,1,8,512,0,0,2,1.37,1849
2,0,17.3,0,4,256,0,0,2,3,702
4,1,13.3,0,8,256,0,0,2,1.41,949
1,0,15.6,0,8,128,0,0,2,1.91,445.9
1,0,17.3,0,16,0,0,1024,2,2.9,1059
7,2,17.3,0,16,512,0,1024,2,4.14,2499
5,3,15.6,1,8,512,0,0,2,2,1699
4,0,17.3,0,8,128,0,1024,2,2.8,1142
5,0,15.6,0,4,256,0,0,1,2.2,444
1,0,15.6,0,4,0,0,500,2,2.1,722
4,0,15.6,0,4,0,0,1024,2,2.18,657
4,0,15.6,0,8,0,0,1024,2,2.24,565
4,3,15.6,1,8,256,0,0,2,2.67,799
3,3,13.3,1,8,1024,0,0,2,1.1,1499
5,0,15.6,0,4,0,0,1024,1,2.2,467
1,0,17.3,0,8,0,0,1024,2,2.5,1018
5,0,15.6,0,8,256,0,0,2,2.05,880
0,1,13.3,0,8,512,0,0,0,1.37,1958.9
3,2,17.3,0,16,256,0,1024,2,3.2,1549
4,0,15.6,0,8,256,0,0,4,2.14,735.07
5,3,14,1,16,512,0,0,2,1.36,2499
9,0,15.6,0,8,0,0,500,2,2.2,812
4,0,15.6,0,12,0,0,1024,2,2.3,713.07
4,0,17.3,0,8,128,0,1024,4,2.8,1099
2,0,15.6,0,8,0,0,1024,2,2.2,745
5,0,17.3,0,4,0,0,1024,2,2.8,489
5,0,17.3,0,8,0,0,2048,1,2.8,849
5,0,17.3,0,6,128,0,1024,2,2.8,859
4,0,15.6,0,4,0,0,1024,4,2.25,428
5,2,15.6,0,8,256,0,0,2,2.5,829
5,0,15.6,0,6,256,0,0,2,2.2,579
2,0,15.6,0,8,256,0,0,2,3,951
2,0,15.6,1,12,0,0,1024,2,2.15,659
5,0,15.6,0,8,256,0,0,2,1.95,1097
3,1,15.6,0,8,256,0,0,2,1.7,977
5,2,15.6,0,16,256,0,1024,2,2.5,1179
5,0,15.6,0,8,0,0,1024,1,2.2,659.01
2,0,15.6,0,2,16,0,0,7,2.19,199
3,2,17.3,0,8,0,0,1024,2,3,1187
1,0,17.3,0,8,0,0,1024,2,2.54,489
4,0,15.6,0,8,256,0,0,2,2,1829
5,0,15.6,0,8,256,0,0,2,2.05,739
5,2,15.6,0,8,0,0,1024,2,3.2,1299
2,0,15.6,0,8,256,0,0,4,2.5,979
4,4,17.3,0,16,256,0,0,2,3.42,2884.86
5,0,15.6,0,6,0,0,1024,2,2.4,499
3,1,15.6,0,16,512,0,0,2,1.63,1468
3,0,14,0,4,128,0,0,2,1.3,509
3,2,17.3,0,16,256,0,1024,2,2.9,2122
5,0,17.3,0,6,0,0,1024,2,2.8,649
5,0,15.6,0,8,0,0,2048,1,2.2,549
3,2,15.6,0,8,128,0,1024,2,2.5,1265
5,0,15.6,0,4,0,0,1024,1,2.2,359.99
1,3,13.3,1,16,256,0,0,2,1.28,1975
9,0,15.6,0,8,256,0,0,2,2.2,1043
5,0,15.6,0,8,128,0,1024,2,2.3,819
1,0,15.6,0,4,0,0,1024,2,1.86,469
5,0,13.3,0,8,256,0,0,2,1.1,999
4,1,13.3,1,16,1024,0,0,2,1.21,2499
7,2,15.6,0,16,256,0,1024,2,2.8,2099
2,0,15.6,0,8,256,0,0,2,2.23,469
3,3,11.6,1,2,0,32,0,2,1.1,275
4,0,15.6,0,8,128,0,1024,2,2.33,844
1,3,13.3,1,16,1024,0,0,2,1.29,2449
5,0,13.3,0,4,0,16,0,7,1.45,459.9
1,0,14,0,8,256,0,0,2,1.95,980
2,0,11.6,0,4,0,128,0,2,1.4,485
1,0,14,0,8,256,0,0,2,1.48,1292
5,0,17.3,0,4,0,0,1024,2,2.79,589
3,0,14,0,8,256,0,0,2,2,1094
1,0,15.6,0,8,0,0,1024,2,2.1,902
2,0,15.6,0,8,256,0,0,2,2.2,659
5,0,14,0,4,0,32,0,2,1.44,292
2,0,15.6,0,6,0,0,1024,2,2.23,549
3,1,15.6,0,8,256,0,0,2,1.7,1049.9
1,1,12.5,0,8,256,0,0,2,1.26,1335
4,0,15.6,1,32,1024,0,0,2,2.06,2639
7,2,17.3,0,8,256,0,1024,2,2.7,1199
9,0,15.6,0,8,256,0,0,2,2,943
3,0,14,0,8,256,0,1024,2,2,1334
5,0,15.6,0,4,0,0,1024,2,1.85,449
3,2,15.6,0,8,256,0,0,2,2.5,999
1,0,14,0,8,256,0,0,2,1.48,1268
4,1,15.6,0,8,128,0,1024,2,1.9,1049
1,0,15.6,0,8,256,0,0,2,1.84,1144
3,0,15.6,0,4,0,0,1024,4,2,274.99
4,0,15.6,0,8,256,0,0,2,2,1142.75
4,0,15.6,0,4,0,0,500,4,2.2,274.9
5,0,15.6,0,12,0,0,2048,2,2.2,899
1,0,15.6,0,8,0,0,1024,2,2.1,716
5,3,13.9,1,16,512,0,0,2,1.4,2099
4,1,13.3,0,8,256,0,0,2,1.2,1579
5,2,15.6,0,16,256,0,2048,2,2.4,1129
1,0,14,0,2,0,32,0,2,1.44,279
4,1,15.6,0,16,512,0,0,2,1.88,1607.96
3,3,11.6,1,4,0,32,0,2,1.5,375
4,1,15.6,0,8,0,0,1024,2,1.9,663
4,0,15.6,1,16,512,0,0,2,2.06,2027.42
1,0,15.6,0,8,256,0,0,2,1.84,1304
7,2,17.3,0,8,128,0,1024,2,2.7,1409
1,4,15.6,0,8,256,0,0,2,2.6,1738.27
9,0,15.6,0,16,512,0,0,2,2.4,1403
4,0,15.6,0,8,128,0,2048,2,2.02,970.9
5,0,15.6,0,4,0,0,1024,1,2.2,321.99
4,2,15.6,0,8,0,0,1024,2,2.65,999
4,0,15.6,1,8,0,0,2048,2,2.36,557.37
4,0,14,0,8,256,0,0,2,1.36,1427
1,0,15.6,0,4,0,0,500,2,1.86,439
3,0,14,0,8,256,0,0,2,2,945
5,0,17.3,0,6,128,0,1024,2,2.8,719
1,0,15.6,0,8,0,0,1024,2,1.86,639
5,0,15.6,0,8,256,0,0,1,2.2,499
1,0,15.6,0,8,0,0,2048,2,2.04,389
4,0,17.3,0,8,128,0,1024,2,2.8,1085
5,2,15.6,0,8,128,0,1024,1,2.4,809
4,0,15.6,0,8,256,0,0,2,2.33,899
1,1,14,0,8,256,0,0,2,1.36,1750
3,3,15.6,1,12,512,0,2048,2,2.26,1099
2,0,15.6,0,4,128,0,0,2,2.1,426
3,2,17.3,0,16,256,0,1024,2,3.25,2199
5,0,17.3,0,4,128,0,0,2,2.6,489
4,3,13.3,1,8,256,0,0,2,1.62,869.01
1,0,15.6,0,4,256,0,0,2,1.91,488.99
5,5,11.6,0,4,128,0,0,2,1.59,553
4,0,15.6,0,4,0,0,500,2,1.8,309
3,0,14,0,4,0,32,0,2,1.5,286
2,0,15.6,0,8,0,0,1024,4,2.4,846
1,2,17.3,0,8,128,0,1024,2,3.35,1191
5,0,15.6,0,4,128,0,0,1,1.85,403.5
3,2,15.6,0,8,128,0,1024,2,2.3,1655
5,0,14,0,8,256,0,0,2,1.5,1099
3,1,13.3,1,16,512,0,0,2,1.1,1748.9
5,1,14,0,8,512,0,0,2,1.13,2282
5,0,13.3,0,4,128,0,0,2,1.5,549
4,4,15.6,0,8,0,0,500,2,2.23,1369
4,4,15.6,0,8,256,0,0,2,2,2135
5,3,14,1,16,512,0,0,2,1.42,2509
3,2,17.3,0,8,0,0,1024,2,3,1039
3,2,17.3,0,16,256,0,1024,2,3,1591
2,0,15.6,0,12,0,0,1024,2,2.2,693.99
7,2,17.3,0,8,256,0,0,2,2.7,1349
4,0,15.6,0,8,256,0,0,4,2.33,778.87
1,1,15.6,0,4,256,0,0,2,1.91,499
5,0,15.6,0,8,256,0,0,2,2.1,1229.56
5,0,14,0,8,256,0,0,2,1.9,938
4,4,15.6,1,8,256,0,0,2,1.78,2712
5,1,14,0,16,1024,0,0,2,1.13,2625
5,0,15.6,0,4,0,0,1024,2,2.2,306
3,2,17.3,0,16,256,0,1024,2,2.9,1529
5,0,15.6,0,8,256,0,1024,2,2.1,1144.5
2,0,15.6,0,8,256,0,0,4,2.5,879
7,2,17.3,0,16,256,0,1024,2,2.8,2249
3,1,14,0,8,512,0,0,2,1.1,1873
9,1,13.3,0,16,512,0,0,2,1.2,1747
4,1,14,0,8,512,0,0,2,1.36,1680
5,0,15.6,0,4,0,0,500,2,2.2,409
5,0,11.6,0,2,0,32,0,2,1.15,304.45
5,4,15.6,0,8,512,0,0,2,2.67,1925
5,1,14,0,8,512,0,0,2,1.7,1943
1,0,15.6,0,4,0,0,1024,2,2.1,469
2,3,13.3,1,8,256,0,0,2,1.6,789.01
3,3,13.3,1,8,256,0,0,2,1.27,928
4,0,15.6,0,4,256,0,0,4,2.3,598.9
4,0,13.3,0,4,128,0,0,2,1.65,689
1,1,14,0,8,256,0,0,2,1.43,1500
4,0,15.6,0,8,0,0,1024,2,2.14,539.95
5,1,14,0,8,256,0,0,2,1.75,1215.38
5,3,15.6,1,16,512,0,0,2,2,1899
6,0,12.3,0,6,0,64,0,2,1.4,449
1,0,15.6,0,8,256,0,0,2,2.31,1427
3,0,15.6,0,8,0,0,1024,4,2.3,597
4,2,17.3,0,16,256,0,1024,2,4.42,2799
4,2,15.6,0,8,128,0,1024,2,2.62,1159
4,0,15.6,0,8,256,0,2048,2,2.02,1142.4
4,1,14,0,8,256,0,0,4,1.6,1099
1,2,17.3,0,12,256,0,1024,2,3.35,1999
14,3,11.6,1,4,32,0,0,2,1.16,299
15,5,11.6,0,4,0,16,0,7,1.15,269
5,0,13.3,0,8,256,0,0,2,1.4,1010
5,0,14,0,4,128,0,0,2,1.7,599
5,4,15.6,0,16,512,0,0,2,2.3,2445
5,0,15.6,0,16,512,0,0,2,2.5,2449
3,2,17.3,0,8,256,0,1024,2,3.2,1695
1,0,15.6,0,4,0,0,500,2,2.1,347
16,1,12.3,1,16,512,0,0,7,1.1,2199
5,1,14,0,24,512,0,0,2,1.32,2382
3,0,15.6,0,4,256,0,0,4,2,559
5,0,17.3,0,8,0,0,1024,2,2.8,519
4,0,15.6,0,4,256,0,0,2,2.2,749
5,1,12.5,0,8,256,0,0,2,1.36,1429
5,0,15.6,0,4,128,0,0,2,2.2,349
1,2,15.6,0,8,128,0,1024,2,2.2,1099
4,0,14,0,8,256,0,0,2,1.64,1179
2,0,15.6,0,4,0,0,500,4,2.4,441.8
4,4,15.6,0,8,0,64,1024,2,2.23,1993
7,2,15.6,0,8,256,0,0,2,2.2,1027.74
8,1,13.5,1,16,512,0,0,6,1.25,2589
1,0,15.6,0,8,128,0,0,2,1.91,589
4,4,15.6,0,16,256,0,0,2,2.17,1975
1,4,15.6,0,8,512,0,0,2,2.31,1534
5,0,14,0,8,256,0,0,2,1.65,1345
4,0,15.6,0,8,128,0,1024,2,2.36,979
4,3,11.6,1,4,0,0,500,2,1.47,479
4,0,17.3,0,8,0,0,1024,2,4.42,2046
8,1,13.5,1,4,128,0,0,6,1.252,989
8,1,13.5,1,8,256,0,0,6,1.25,1799
1,0,17.3,0,8,256,0,0,2,2.5,639.9
2,0,15.6,0,4,0,0,1024,2,2.23,544
2,5,11.6,0,4,128,0,0,2,1.4,435
3,0,15.6,0,8,0,0,1024,2,2.37,749
5,0,14,0,8,512,0,0,1,1.5,799
5,0,15.6,0,8,256,0,0,2,2.67,2090
3,0,15.6,0,4,0,0,500,2,2,304
2,0,15.6,0,4,0,0,500,2,2.2,469
4,0,15.6,0,8,0,0,2048,2,2.02,759
1,2,17.3,0,12,0,0,1024,2,3.78,1699
5,1,14,0,12,256,0,0,2,1.4,1858
1,3,13.3,1,8,512,0,0,2,1.29,1999
1,0,15.6,0,8,0,0,500,2,1.9,1154
16,1,12.3,1,8,128,0,0,7,1.1,1275
4,1,13.3,1,8,256,0,0,2,1.42,1841.85
3,0,15.6,0,12,128,0,1024,2,2.06,1299
4,0,14,0,8,128,0,0,2,1.79,740
4,4,15.6,0,8,256,0,0,2,1.78,2408
5,0,14,0,8,180,0,0,2,1.7,1364
4,0,15.6,0,8,0,0,1024,2,2.2,675
9,0,13.3,0,8,256,0,0,2,1.05,1672
4,0,15.6,0,8,512,0,0,2,2.16,1262
4,0,15.6,0,4,0,0,1024,2,2.18,586.6
1,0,13.3,0,4,128,0,0,2,1.49,726
6,0,15.6,0,4,0,64,0,2,1.89,248.9
5,0,15.6,0,4,128,0,0,2,2.3,565
5,0,14,0,8,256,0,0,2,1.75,1049
4,4,15.6,0,16,512,0,0,2,2.17,2338
4,0,15.6,0,16,512,0,0,2,2.06,1899
5,1,12.5,0,16,512,0,0,2,1.36,1798
3,1,12.5,0,16,512,0,0,2,0.91,1950
5,0,15.6,0,8,256,0,0,2,2.3,1011.99
9,1,13.3,1,32,512,0,0,2,1.05,2799
3,2,15.6,0,8,128,0,1024,2,1.99,1350
2,0,15.6,0,8,0,0,1024,2,2.2,579
3,2,17.3,1,24,256,0,1024,2,4.33,1269
5,1,12.5,0,8,180,0,0,2,1.3,1099
5,0,15.6,0,8,256,0,0,2,2.17,898.9
1,0,14,0,8,1024,0,0,2,1.48,1749
5,0,13.3,0,8,256,0,0,2,1.4,949
5,0,15.6,0,8,256,0,0,2,2.3,911
3,5,11.6,0,4,0,64,0,6,1.2,340
1,0,15.6,0,8,256,0,0,2,1.91,618.99
5,3,13.9,1,8,256,0,0,2,1.4,1599
5,0,14,0,4,0,0,500,2,2.1,299
5,5,11.6,0,4,16,0,0,7,1.25,265
5,0,13.3,0,8,256,0,0,2,1.44,949
3,0,15.6,0,8,256,0,1024,2,2,1224
2,0,15.6,0,4,0,0,1024,2,2.2,613
1,1,13.3,0,8,512,0,0,2,1.34,1323
5,2,15.6,0,8,256,0,1024,1,2.4,1149
4,1,13.3,1,8,128,0,0,2,1.29,899
2,0,15.6,0,4,0,0,500,2,2.2,639
4,0,15.6,0,8,0,0,1024,2,2.18,836
4,0,15.6,0,16,256,0,2048,2,2.2,1219.24
11,0,15.6,0,16,256,0,0,1,1.95,1399.95
3,5,11.6,0,2,0,32,0,2,1.1,245
1,0,15.6,1,4,0,0,1024,2,2.04,521.47
3,2,15.6,0,24,512,0,0,2,2.24,2968
1,0,15.6,0,8,256,0,0,2,2.04,889
3,2,17.3,0,16,256,0,1024,2,3,1504
5,2,15.6,0,8,256,0,1024,2,3.2,1399
1,1,13.3,0,8,256,0,0,2,1.32,1399
4,0,14,0,8,256,0,0,2,1.64,1279.73
1,0,15.6,0,4,128,0,0,2,1.63,689
4,0,17.3,0,8,128,0,1024,4,2.8,889
5,0,14,0,8,256,0,0,8,2.02,1340
5,0,15.6,0,4,0,0,1024,2,2.2,799
5,0,15.6,0,8,0,0,2048,1,2.2,459
4,0,15.6,0,4,0,0,500,2,2.3,585
4,0,15.6,0,8,256,0,0,2,1.9,1377
4,2,17.3,0,16,128,0,1024,2,4.42,3012.77
9,0,15.6,0,8,0,0,500,2,2,860
3,0,15.6,0,8,256,0,1024,2,2,1299
14,0,13.3,0,4,32,0,0,2,1.2,369
3,2,15.6,0,8,128,0,1024,2,2.3,1649
4,0,15.6,0,8,256,0,0,2,1.93,1369
4,0,15.6,0,8,256,0,0,2,2.2,797.41
1,0,15.6,0,4,256,0,0,2,1.86,398.99
1,2,17.3,0,12,0,0,1024,2,2.62,1799
5,0,14,0,8,256,0,0,2,1.87,859
4,1,13.3,1,8,256,0,0,2,1.2,1399
4,0,14,0,4,128,0,0,2,1.6,735.87
1,1,13.3,0,8,256,0,0,2,1.34,1145
2,2,15.6,0,8,0,0,1024,4,2.4,798
3,0,15.6,0,4,0,0,500,2,2,349
1,0,15.6,0,4,128,0,0,2,2.1,705.5
5,0,14,0,4,0,0,500,2,1.87,785
5,0,15.6,0,4,0,0,1024,1,2.15,462.35
1,0,15.6,0,4,0,0,500,2,1.86,397
5,0,15.6,0,8,512,0,0,2,1.99,1729
5,0,15.6,0,4,128,0,0,2,2.2,499
4,0,15.6,0,8,256,0,0,2,1.9,1116.99
4,2,17.3,0,16,256,0,1024,2,4.42,2699
1,0,17.3,0,8,0,0,1024,2,2.65,544.15
1,0,17.3,0,8,0,0,1024,2,2.63,1280
3,0,15.6,0,4,0,0,500,4,2,224
14,0,13.3,0,4,0,32,0,2,1.35,255
5,0,17.3,0,6,128,0,1024,2,2.8,949
1,0,15.6,0,6,128,0,0,2,1.91,568.9
4,0,15.6,0,4,0,0,1024,2,2.18,617.9
2,3,11.6,1,4,0,32,0,2,1.25,349
5,0,15.6,0,4,128,0,0,2,2.05,630
1,1,13.3,1,16,512,0,0,2,1.16,1965
5,0,17.3,0,8,256,0,0,2,3.4,2999
3,0,15.6,0,8,128,0,1024,2,2.5,839
4,1,13.3,1,8,128,0,0,2,1.21,1599
4,0,15.6,0,4,0,0,500,2,1.93,959
17,0,15.6,0,8,0,0,1024,2,2.2,739
5,0,15.6,0,4,0,0,500,2,2.2,344
5,0,14,0,4,0,0,500,2,2.02,990
1,4,17.3,0,8,0,0,500,2,3.14,1860.99
1,0,14,0,8,0,0,2048,2,1.94,389
1,0,15.6,0,6,256,0,0,2,1.95,649
5,0,15.6,0,8,256,0,0,2,2.3,830
5,0,15.6,0,4,0,0,500,2,2.05,685
14,0,14,0,4,32,0,0,2,1.4,249
9,1,14,1,16,512,0,0,2,1.24,1865
5,2,17.3,0,32,256,0,1024,2,4.6,2663
7,2,17.3,0,16,512,0,1024,2,4.14,2729
4,0,15.6,0,8,256,0,0,4,2.2,749.01
14,0,14,0,4,32,0,0,2,1.45,389
4,0,15.6,0,8,0,0,500,2,1.9,1008.52
1,0,13.3,0,4,128,0,0,2,1.49,719
4,0,15.6,0,16,256,0,0,2,1.93,1537.39
4,5,11.6,0,4,0,16,0,7,1.26,295
7,2,17.3,0,16,128,0,1024,2,4.5,2349
1,2,17.3,0,16,256,0,1024,2,3.78,1498
5,1,14,0,12,256,0,0,2,1.4,1673
5,0,15.6,1,12,0,0,1024,2,2.2,609
3,2,17.3,0,8,128,0,1024,2,2.73,1770
3,3,15.6,1,8,0,0,1024,2,2.2,739
5,0,15.6,0,12,512,0,0,2,2.2,949
4,3,11.6,1,4,128,0,0,2,1.39,603
15,0,15.6,0,16,128,0,1024,2,2.5,1699
5,0,17.3,0,4,0,0,500,1,2.8,529
5,0,15.6,0,8,0,0,1024,2,2.29,459
5,3,13.3,1,8,512,0,0,2,1.37,2025
5,0,14,0,8,256,0,0,2,1.7,1474
4,3,12.5,1,8,256,0,0,2,1.34,1670
4,4,15.6,1,8,256,0,0,2,2.06,1763
1,0,15.6,0,8,256,0,0,2,1.84,1219
1,0,15.6,0,4,0,0,500,2,2.1,668.48
2,0,14,0,4,0,32,0,2,1.6,329
7,2,17.3,0,16,128,0,1024,2,4.14,2199
4,0,15.6,0,4,0,0,1024,4,2.18,465
7,2,15.6,0,16,256,0,2048,2,1.8,2299
9,0,15.6,0,8,256,0,0,2,2.2,1399
5,0,15.6,0,6,0,0,1024,2,2.4,564
5,3,15.6,1,8,256,0,0,2,2,1299
2,0,14,0,4,0,128,0,2,1.6,349
5,0,15.6,0,32,1024,0,0,2,2.5,4899
4,2,15.6,0,16,0,0,1024,2,2.59,879.01
4,0,15.6,0,4,0,0,1024,4,2.18,443.9
4,0,15.6,0,4,0,0,1024,4,2.25,359
4,0,15.6,0,4,0,0,500,4,1.93,869
3,2,17.3,0,8,128,0,1024,2,3,1168
4,0,15.6,0,4,128,0,0,4,2.18,569
1,1,15.6,0,8,512,0,0,2,1.84,1389
7,2,15.6,0,16,256,0,1024,2,2.94,2267.86
2,3,11.6,1,4,0,32,0,7,1.25,379
1,0,14,0,8,256,0,0,2,2.31,1124
5,0,14,0,8,256,0,0,8,1.65,1465
4,0,15.6,0,4,0,0,1024,2,2.2,776
17,0,15.6,0,8,256,0,0,2,2.2,799
1,0,15.6,0,4,0,0,500,8,1.88,932
5,0,15.6,0,8,0,0,1024,2,2.2,899
14,0,14,0,2,0,32,0,2,1.4,239
5,0,15.6,0,4,128,0,0,1,2.2,468
3,3,13.3,1,6,0,0,1024,2,1.5,639.01
4,0,15.6,0,8,256,0,0,2,2,1820
3,1,14,0,16,512,0,0,2,1.1,1900
4,2,15.6,0,16,256,0,1024,2,2.62,1479
5,0,15.6,0,4,256,0,0,2,1.8,829
5,0,15.6,0,4,0,0,1024,2,2.2,579
3,0,15.6,0,8,0,0,1024,2,2,399
3,0,15.6,0,8,0,0,1024,2,1.99,906.62
4,1,13.3,1,8,256,0,0,2,1.23,1869
5,0,14,0,2,0,32,0,2,1.42,249
5,3,13.3,1,8,256,0,0,2,1.37,1757.42
4,0,15.6,1,16,1024,0,0,2,2.06,2399
5,2,15.6,0,8,128,0,1024,2,2.5,1109
1,0,17,0,8,0,0,1024,2,2.6,520.9
5,1,14,0,16,512,0,0,2,1.14,2450
3,2,15.6,0,8,0,0,1024,1,2.5,1169
2,0,15.6,0,4,0,0,500,2,2.4,450
5,0,14,0,4,0,32,0,2,1.43,274
2,1,14,0,8,256,0,0,2,1.8,919
13,2,14,0,16,256,0,0,2,1.95,2599
9,0,13.3,0,8,256,0,0,2,1.2,1213
5,1,12.5,0,8,256,0,0,2,1.36,1584
3,2,17.3,0,32,512,0,0,2,3.8,2799
2,2,15.6,0,8,0,0,1024,4,2.4,709
4,1,13.3,0,8,256,0,0,2,1.2,1449.9
7,2,15.6,0,8,128,0,1024,2,2.2,1191.8
1,0,15.6,0,4,0,0,500,1,1.86,364.9
9,0,15.6,0,8,0,0,500,2,2,1064
4,0,15.6,0,8,256,0,0,2,2.2,919
4,0,15.6,0,16,256,0,2048,2,2.2,1135
5,2,15.6,0,8,128,0,1024,2,3.31,1196
4,2,17.3,0,32,512,0,1024,2,4.42,3147.37
4,0,14,0,8,256,0,0,2,1.56,1229
5,0,15.6,0,4,0,0,500,2,2.2,419
5,0,15.6,0,4,0,0,500,2,2.2,535
1,0,15.6,0,6,0,0,1024,2,2.04,539
7,2,17.3,0,8,128,0,1024,2,2.7,1486.77
9,0,15.6,0,4,128,0,0,2,2.1,498
4,0,15.6,0,8,0,0,1024,2,2.06,955
1,0,15.6,0,8,0,0,1024,2,2.1,745
9,0,15.6,0,8,256,0,0,2,2,1258
2,0,15.6,0,4,128,0,0,4,2.1,412
8,1,13.5,1,8,256,0,0,6,1.252,1867.85
5,0,15.6,0,8,128,0,1024,2,1.9,817.95
5,3,13.3,1,8,256,0,0,2,1.3,1034
5,0,15.6,0,4,128,0,0,2,2.2,349
1,3,14,1,4,128,0,0,2,1.63,699
7,2,15.6,0,16,256,0,1024,2,2.4,1294
3,1,14,0,8,256,0,0,2,1.1,1135
1,3,11.6,1,8,0,64,0,7,1.4,495
18,1,15.6,0,8,512,0,0,2,1.09,2299
2,2,15.6,0,16,256,0,0,2,2.5,1299
7,2,15.6,0,8,256,0,0,2,2.2,997.9
3,0,15.6,0,4,128,0,0,2,1.86,419
4,2,15.6,0,16,128,0,1024,2,3.21,2051
1,0,17.3,0,4,256,0,0,2,2.5,699
5,3,13.3,1,8,512,0,0,2,1.19,1499
4,2,15.6,0,16,256,0,1024,2,3.49,2813.75
1,0,15.6,0,4,0,0,500,2,1.86,612.61
4,0,15.6,0,4,0,0,1024,2,2.2,545.67
1,0,17.3,0,6,0,0,2048,2,2.65,569
5,0,15.6,0,4,0,0,500,2,2.1,318
2,0,14,0,4,0,32,0,7,1.45,375
5,0,14,0,4,256,0,0,2,1.7,699
1,4,17.3,0,8,0,0,500,2,3.14,1907.99
5,3,14,1,8,256,0,0,2,1.42,2590
9,0,13.3,0,8,256,0,0,2,1.5,973
2,5,11.6,0,4,0,32,0,2,1.4,269
5,3,14,1,16,512,0,0,2,1.38,1749
3,3,12.5,1,4,0,64,0,7,1.2,669
9,1,13.3,1,16,512,0,0,2,1.36,1877
1,0,15.6,0,4,0,0,500,2,2.1,689
4,2,15.6,0,8,0,0,1024,2,2.56,819
5,0,15.6,0,4,256,0,0,2,2.2,399
5,0,15.6,0,8,0,0,1024,2,2.2,429
5,0,15.6,0,4,0,0,1024,2,2.1,621.45
5,0,15.6,0,4,0,0,500,1,1.9,450
4,0,15.6,0,8,256,0,0,2,2.18,795
2,3,13.3,1,8,256,0,0,2,1.6,999
5,4,15.6,0,16,512,0,0,8,2.18,1855
5,0,14,0,8,256,0,0,2,1.8,1191
1,0,17.3,0,6,0,0,2048,2,2.71,655.01
5,2,15.6,0,8,128,0,1024,2,2.5,1249
4,0,14,0,8,256,0,0,4,1.64,1089
4,0,15.6,0,8,0,0,1024,4,1.98,726
3,0,14,0,4,0,32,0,2,1.5,298
4,0,15.6,0,16,512,0,0,2,1.93,1426.66
5,0,14,0,8,256,0,0,2,1.87,857.07
4,0,15.6,0,8,256,0,0,2,1.9,1179
5,0,15.6,0,4,0,0,500,2,2.19,298
14,0,14,0,4,0,0,32,2,1.4,265
1,0,17.3,0,8,256,0,0,2,2.63,1200
5,1,14,0,8,512,0,0,2,1.17,1686.64
1,3,13.3,1,8,256,0,0,2,1.58,836.6
5,1,14,0,8,256,0,0,2,1.32,1499
4,2,17.3,0,32,1024,0,1024,2,4.36,3659.4
7,2,17.3,0,8,128,0,1024,2,2.7,1348.48
5,0,15.6,0,4,0,0,1024,1,1.9,489.9
4,0,15.6,0,8,128,0,1024,2,2.2,719
4,3,13.3,1,4,0,0,1024,2,1.71,649
4,0,15.6,0,8,0,0,1024,4,2.32,589.52
1,0,15.6,0,4,0,0,1024,2,2.1,489
2,2,17.3,0,16,128,0,1024,2,4.2,1935
4,0,15.6,0,12,0,0,1024,2,2.25,649
1,0,15.6,0,6,128,0,1024,2,2.1,650
2,0,15.6,0,4,0,0,500,2,2.4,559
5,0,13.3,0,8,256,0,0,2,1.44,960
5,0,15.6,0,4,0,0,1024,2,1.85,779
1,4,15.6,0,16,256,0,0,2,2.6,2419
4,3,13.3,1,8,0,0,1024,2,1.55,659
7,2,15.6,0,16,256,0,1024,2,1.8,2094.48
2,0,15.6,0,4,0,0,500,2,2.4,410.8
4,0,15.6,0,8,128,0,1024,2,2,1207
4,0,15.6,0,8,256,0,0,2,2,665
9,0,14,1,8,256,0,0,2,1.25,1535
5,3,14,1,8,256,0,0,2,1.7,999
5,4,15.6,0,16,1024,0,0,2,2.5,3299
2,0,14,0,2,0,32,0,7,1.68,330
15,1,13.3,0,16,256,0,0,2,0.81,1649
1,0,15.6,0,8,256,0,0,2,1.86,539
4,0,14,0,8,256,0,0,2,1.6,1126.71
1,4,17.3,0,16,256,0,0,8,3,4389
5,5,11.6,1,4,128,0,0,2,1.4,475
1,0,15.6,0,8,256,0,0,2,1.84,1900
3,0,15.6,0,4,0,0,1024,1,2.45,579
5,1,14,0,4,180,0,0,2,1.7,1096
3,0,15.6,0,4,256,0,0,2,2.37,849.9
5,3,13.3,1,8,256,0,0,2,1.3,1199
1,0,15.6,0,8,128,0,1024,2,2.2,1099
1,4,15.6,0,8,256,0,0,8,2.59,1561
4,2,15.6,0,16,256,0,1024,2,4.42,2868.99
2,0,15.6,0,4,256,0,0,2,2.1,599
5,2,15.6,0,8,128,0,1024,2,2.5,1048
4,1,12.5,0,16,256,0,0,2,1.18,1859
16,1,12.3,1,8,256,0,0,7,1.1,1559
3,1,13.3,0,8,256,0,0,2,1.2,1129
4,0,13.3,0,4,0,0,500,2,1.65,849
2,0,13.3,0,4,128,0,0,2,1.6,655
3,0,17.3,0,4,0,0,1024,2,2.8,470.34
4,2,15.6,1,16,128,0,1024,2,2.72,1099
15,1,13.3,1,8,256,0,0,2,1.31,1599
2,0,15.6,0,4,0,0,1024,4,2.1,298
4,0,15.6,0,16,256,0,0,2,2.3,1181.27
15,3,15,1,16,256,0,0,2,1.71,1799
9,0,14,0,4,128,0,0,2,1.75,1020
4,2,15.6,0,8,0,0,1024,2,2.62,1099
1,1,12.5,0,4,256,0,0,2,1.26,1244
3,3,15.6,1,12,0,0,2048,2,2.3,839
5,0,15.6,0,16,512,0,0,8,2.5,2370
2,0,14,0,4,128,0,0,2,1.8,636
13,2,14,0,16,512,0,0,2,1.95,2899
3,0,15.6,0,8,128,0,0,2,2,581.9
4,2,17.3,0,32,1024,0,1024,2,4.42,3588.8
3,2,17.3,0,16,256,0,1024,2,4.3,2350
9,1,14,0,16,512,0,0,2,1.47,1764
5,0,15.6,0,8,0,0,1024,1,2.2,329
5,1,14,0,16,512,0,0,2,1.7,2299
7,2,14,0,16,256,0,1024,2,1.6,1891
7,2,15.6,0,8,128,0,1024,2,2.2,1089
5,2,15.6,0,4,0,0,1024,2,2.4,999
2,2,17.3,0,16,256,0,1024,2,4.2,2299
4,2,15.6,0,8,256,0,0,2,2.62,985
3,2,15.6,0,8,128,0,1024,2,2.24,1339
12,0,14,0,4,0,32,0,2,1.22,202.9
5,3,13.3,1,8,512,0,0,2,1.37,1970
5,3,15.6,1,8,256,0,0,2,2.08,959
0,1,12,0,8,0,512,0,3,0.92,1165
5,3,14,1,8,256,0,0,2,1.42,2330
3,0,14,0,4,0,32,0,2,1.63,299
4,0,15.6,0,8,128,0,0,2,1.95,810
5,3,13.9,1,8,256,0,0,2,1.38,1349
4,0,15.6,0,8,256,0,0,2,2,739
1,4,15.6,0,8,256,0,0,2,3.14,2064.9
3,0,15.6,0,8,256,0,0,2,2.37,1099
4,1,13.3,0,8,256,0,0,2,1.29,1499
4,0,15.6,1,8,256,0,0,2,2.06,1749
4,5,11.6,0,4,128,0,0,2,1.63,744
1,5,12.5,0,8,256,0,0,2,1.26,1389
9,0,15.6,0,4,0,0,500,2,2.1,780
1,0,15.6,0,8,0,0,2048,2,2.04,629
4,2,15.6,0,16,512,0,0,2,2.62,1679
5,0,15.6,0,4,0,0,1024,2,2.4,609
1,2,17.3,0,12,0,0,1024,2,3.74,1749
7,2,17.3,0,16,512,0,1024,2,2.9,2415
15,1,13.3,0,8,256,0,0,2,0.81,1499
4,0,15.6,0,8,0,0,1024,2,1.98,961
4,0,15.6,0,8,256,0,0,2,2.18,789.81
5,1,14,0,8,256,0,0,2,1.32,1859
13,1,12.5,1,16,512,0,0,2,1.29,1799
1,5,11.6,0,4,0,16,0,7,1.23,385
4,2,17.3,0,16,128,0,1024,2,4.36,2505.02
4,0,14,0,4,0,0,500,2,1.76,755
5,0,15.6,0,4,0,0,500,2,2.1,489.9
9,1,14,0,4,128,0,0,2,1.25,1090
5,1,14,0,8,512,0,0,2,1.13,2499
7,2,15.6,0,8,256,0,0,2,2.4,1199
5,1,14,0,8,0,256,0,2,1.13,1875
9,0,14,0,4,128,0,0,2,1.75,499
3,3,13.3,1,8,256,0,0,2,1.1,1358
4,0,14,0,4,0,0,500,2,1.76,585
2,5,11.6,0,4,0,32,0,7,1.35,355
2,0,14,0,8,128,0,0,2,1.5,619
13,2,17.3,1,32,512,0,0,2,3.49,5499
5,1,14,0,16,512,0,0,2,1.1,2099
3,0,15.6,0,4,0,0,1024,4,2.1,519
5,0,14,0,8,256,0,0,2,1.7,1186
5,0,14,0,8,256,0,0,2,1.32,1650
4,2,15.6,0,16,256,0,1024,2,3.21,2774.63
3,2,17.3,0,16,256,0,1024,2,2.9,2419
9,0,15.6,0,4,0,0,500,2,2,669
5,0,14,0,4,0,16,0,7,1.5,325
3,0,15.6,0,8,0,0,128,2,2.3,590
3,2,17.3,0,16,512,0,1024,2,2.73,1799
4,2,17.3,0,32,512,0,1024,2,4.42,3072.89
1,0,17.3,0,8,0,0,1024,2,2.63,910
4,0,15.6,0,8,128,0,0,2,2.18,713.99
1,1,14,0,8,512,0,0,8,1.54,1870
4,0,15.6,0,4,256,0,0,2,2.18,739
1,3,11.6,1,4,0,32,0,7,1.4,615
3,1,13.3,0,8,512,0,0,2,1.45,1026
1,3,13.3,1,8,256,0,0,2,1.28,2277
1,1,14,0,8,512,0,0,2,1.54,1468
1,0,15.6,0,4,128,0,0,1,1.86,299
3,2,15.6,0,16,128,0,1024,2,2.1,1899
4,0,17.3,0,8,0,0,1024,4,2.83,865
5,1,14,0,8,256,0,0,2,1.96,1903
3,0,15.6,0,8,256,0,0,2,2.3,787
4,0,15.6,0,8,128,0,0,2,1.9,945
3,0,15.6,0,4,0,0,1024,2,2,449
1,3,13.3,1,8,256,0,0,2,1.28,2559
4,0,13.3,1,8,0,0,1024,2,1.62,649
5,0,15.6,0,4,0,0,1024,1,2.2,469
5,0,15.6,0,8,0,0,1024,2,2.3,850.66
1,0,15.6,0,8,256,0,0,2,1.84,1349
9,0,13.3,0,4,128,0,0,2,1.05,1285
5,2,15.6,0,8,0,0,1024,1,2.5,1017
4,1,13.3,1,16,512,0,0,2,1.29,2240
1,0,15.6,0,4,0,0,500,2,2.07,910
9,1,13.3,0,8,256,0,0,2,1.2,1095
5,3,13.3,1,8,256,0,0,2,1.37,1950
2,0,14,0,8,256,0,0,2,1.56,902
4,4,15.6,0,8,0,0,1024,2,2.23,1778
5,0,15.6,0,4,0,0,500,2,2.38,1055
5,0,15.6,0,4,0,0,1024,1,2.2,479
9,0,15.6,0,8,256,0,0,2,2,1388
5,0,13.3,0,4,180,0,0,2,1.44,735
15,1,15,0,16,256,0,0,2,1.23,1849
4,1,12.5,0,8,256,0,0,2,1.6,1690
3,0,15.6,0,4,0,0,1024,4,2,398.99
11,1,13.3,0,8,256,0,0,2,1.28,935
4,0,15.6,0,4,128,0,1024,2,2.18,912.5
1,0,15.6,0,4,256,0,0,2,2.04,839
1,3,13.3,1,4,256,0,0,2,1.28,1700
1,3,15.6,1,4,0,0,500,2,2.3,684.8
3,0,14.1,0,4,0,32,0,2,1.65,348
5,0,15.6,0,8,0,0,1024,2,2.2,669
4,0,15.6,0,4,0,0,500,2,2.2,369
1,3,13.3,1,4,256,0,0,2,1.28,1799
4,0,15.6,0,4,0,0,1024,4,2.18,455.7
3,2,17.3,0,12,128,0,1024,2,2.2,1369.9
2,5,11.6,0,4,0,32,0,7,1.25,297
5,0,17.3,0,4,0,0,500,2,2.8,379
1,0,14,0,4,128,0,0,2,1.95,1265
1,3,13.3,1,16,256,0,0,2,1.42,1399
15,1,15,0,8,256,0,0,2,1.17,1699
5,1,14,0,8,256,0,0,2,1.32,1799
7,2,17.3,0,16,512,0,2048,2,2.43,2649
9,0,13.3,0,8,256,0,0,2,1.05,1475
4,2,15.6,0,8,0,0,1024,4,2.62,929
1,0,15.6,0,8,0,0,1024,2,2.04,900
4,0,15.6,0,4,0,0,1024,2,2.18,614
4,0,15.6,0,8,0,0,500,2,1.9,935
4,3,13.3,1,8,512,0,0,2,1.24,2013.1
3,2,17.3,0,32,512,0,0,2,3.58,1279
4,3,13.3,1,16,256,0,0,2,1.22,1649
5,1,14,0,8,0,256,0,2,1.13,2049
5,0,15.6,0,8,512,0,0,2,1.95,1962.99
18,1,15.6,1,16,512,0,0,2,1.08,2099
1,5,12.5,0,8,512,0,0,2,1.26,1483
2,0,15.6,0,4,0,16,0,7,2.2,359
5,0,15.6,0,8,128,0,1024,2,2.6,789
18,1,14,1,8,512,0,0,2,0.98,1899
4,0,14,0,8,256,0,0,2,1.6,1205
1,1,12.5,1,8,240,0,0,2,1.09,3100
5,0,15.6,0,6,256,0,0,2,2.2,789
1,0,15.6,0,8,256,0,0,2,2.04,1018.99
2,0,15.6,0,4,0,0,1024,2,2.4,499
5,0,13.3,0,4,128,0,0,2,1.44,881
1,0,13.3,0,8,256,0,0,2,1.49,960
7,2,17.3,0,16,256,0,1024,2,2.7,1599
4,2,15.6,0,16,128,0,1024,2,2.6,1349
7,2,15.6,0,8,128,0,1024,2,2.2,1119.91
4,0,15.6,0,4,0,0,1024,2,2.18,684.99
1,1,15.6,0,8,256,0,0,2,1.84,1296.99
1,1,13.3,1,8,256,0,0,2,1.39,1149
9,0,15.6,0,16,256,0,0,2,2.4,1975
5,3,13.3,1,8,512,0,0,2,1.37,1825
4,0,15.6,0,4,0,0,500,2,1.95,729.9
5,1,12.5,0,8,256,0,0,2,1.36,1650
1,0,15.6,0,8,256,0,0,2,2.31,1165
4,0,15.6,0,4,0,0,1024,2,2.18,708.06
1,0,14,0,4,0,0,500,2,1.95,1149
5,0,15.6,0,4,0,0,1024,2,2.2,309
1,1,12.5,0,4,0,0,500,2,1.26,1579
1,0,15.6,0,4,0,0,1024,1,1.86,288.9
5,3,13.3,1,16,1024,0,0,2,1.3,1799
9,0,14,0,4,128,0,0,2,1.47,1105
1,5,12.5,0,8,256,0,0,2,1.26,1669
4,0,15.6,0,4,0,0,1024,2,2.18,558.6
7,2,15.6,0,8,128,0,1024,2,2.2,1199
4,1,14,0,8,256,0,0,2,1.36,1639
4,2,17.3,0,16,512,0,1024,2,4.36,2758
1,2,17.3,0,8,128,0,1024,2,2.75,1399
3,0,17.3,0,4,0,0,1024,2,2.8,530
2,0,15.6,0,4,0,0,500,2,2.23,619
9,0,15.6,0,8,256,0,0,2,2.2,1119
5,3,11.3,1,8,256,0,0,2,1.1,1299
5,2,15.6,0,16,512,0,1024,2,2.5,999
4,1,12.5,1,8,256,0,0,2,1.36,1472.2
5,0,15.6,0,8,0,0,1024,1,2.2,685
4,0,17.3,0,4,0,0,1024,2,2.36,659
2,0,14,0,4,0,32,0,7,1.68,349
1,4,15.6,0,8,8,0,0,2,2,2249
4,1,14,0,8,256,0,0,2,1.36,1775
9,0,13.3,0,8,256,0,0,8,1.2,1460
3,3,12.5,0,8,0,64,0,7,1.2,1159
5,1,14,0,8,256,0,0,2,1.7,1488.99
4,2,17.3,0,16,512,0,1024,2,4.36,3154
4,3,13.3,1,8,256,0,0,2,1.24,1899
1,3,11.6,1,4,256,0,0,2,1.45,775
4,1,13.3,0,8,256,0,0,2,1.3,1268
2,3,11.6,1,4,0,32,0,7,1.25,389
9,0,13.3,0,8,256,0,0,2,1.2,1535
5,1,12.5,0,8,256,0,0,2,1.36,1760
2,0,15.6,0,12,128,0,1024,2,2.4,1009
9,1,12.5,1,8,512,0,0,2,1.1,1790
1,0,15.6,0,8,0,0,1024,2,2.04,846.5
4,0,15.6,0,4,0,0,1024,4,2.25,465.62
4,0,15.6,0,4,0,0,500,2,1.9,825
1,0,15.6,0,4,0,0,500,2,2.04,685
4,2,17.3,0,32,256,0,1024,2,4.42,3149
5,0,15.6,0,6,256,0,0,2,2.4,695
4,3,13.3,1,16,512,0,0,2,1.22,1899
4,1,14,1,8,256,0,0,2,1.5,1962.98
4,2,17.3,0,32,256,0,1024,2,4.42,2800
9,0,14,0,8,256,0,0,2,1.95,1180
3,2,17.3,0,16,256,0,1024,2,2.73,2049.9
1,0,15.6,0,8,128,0,1024,2,2.04,979
3,3,15.6,1,16,512,0,2048,2,2.3,1799
1,0,15.6,0,6,0,0,1024,2,2.04,579
3,2,17.3,0,16,256,0,1024,2,2.99,1749
4,3,15.6,1,12,512,0,0,2,2.19,1299
9,0,13.3,0,4,128,0,0,8,1.2,1195
5,0,15.6,0,6,256,0,0,2,2.2,549
17,0,15.6,0,4,256,0,0,2,2.3,649
9,0,14,0,4,0,0,500,2,1.75,915
4,0,15.6,0,4,0,0,500,2,2.25,599
1,0,15.6,0,8,0,0,1024,2,2.04,806
5,2,15.6,0,8,128,0,1024,2,2.5,1189
4,0,15.6,0,8,0,0,1024,2,2.36,749
4,0,14,0,8,128,0,0,2,1.6,1119
1,5,12.5,0,8,512,0,0,2,0.97,1908
1,0,15.6,0,4,128,0,1024,2,2.1,499
5,0,15.6,0,4,128,0,0,1,1.9,270.62
5,0,15.6,0,8,256,0,0,2,2.3,1349
4,3,13.3,1,8,256,0,0,2,1.68,889
3,0,13.3,0,8,256,0,0,2,1.4,1150
1,1,13.3,1,8,256,0,0,2,1.11,1349
2,0,15.6,0,4,0,0,500,2,2.4,380
3,2,15.6,0,16,256,0,1024,2,2.5,1799
1,1,14,0,8,512,0,0,2,1.48,2089
2,2,15.6,0,8,128,0,1024,2,2.7,1260
1,0,13.3,0,8,256,0,0,2,1.34,1189
4,0,15.6,0,4,128,0,0,2,2.18,547
1,0,14,0,4,0,0,500,2,1.64,779
9,0,13.3,0,4,128,0,0,2,1.2,1195
1,0,14,0,4,256,0,0,2,1.48,1099.99
1,0,14,0,4,256,0,0,2,1.95,1205
1,1,14,0,8,256,0,0,8,1.43,1449
1,0,14,0,8,256,0,0,2,1.64,1049.26
1,0,14,0,4,0,0,500,2,1.64,684
1,1,12.5,0,4,0,0,500,2,1.26,1539
1,0,14,0,4,256,0,0,2,1.48,1590
1,1,14,0,8,256,0,0,2,1.54,1887.21
1,0,13.3,0,4,0,0,500,2,1.49,800
9,0,13.3,0,8,256,0,0,2,1.5,1210
1,0,15.6,0,4,256,0,0,2,2.04,769.99
5,0,17.3,0,16,512,0,0,8,2.4,2968
9,0,14,0,8,256,0,0,2,1.47,1490
1,0,14,0,8,256,0,0,2,1.43,2229
4,3,15.6,1,4,0,0,1024,2,2.08,795.99
9,1,13.3,0,8,256,0,0,2,1.2,1590
1,0,13.3,0,8,256,0,0,2,1.11,1149
1,0,14,0,8,256,0,0,2,1.64,1185.43
4,0,15.6,0,8,0,0,500,2,2.09,1046.44
1,1,12.5,0,4,256,0,0,2,1.26,1559
1,0,14,0,4,0,0,500,2,2.31,1189
1,0,14,0,4,0,0,500,2,1.95,1060
4,1,13.3,1,8,256,0,0,2,1.29,1624
1,0,17.3,0,8,256,0,0,2,2.63,1080
1,0,14,0,4,256,0,0,2,1.64,973
2,0,15.6,0,6,0,0,1024,2,2.1,409
7,2,17.3,0,8,128,0,1024,2,2.7,1191.8
1,0,14,0,8,256,0,0,8,1.95,1195
1,0,15.6,0,8,256,0,0,2,1.84,1228.99
1,1,12.5,0,8,256,0,0,2,1.26,1349
1,0,15.6,0,4,0,0,500,2,2.04,742
9,1,14,0,8,256,0,0,2,1.47,1725
4,0,15.6,0,8,256,0,0,8,2.09,1062.95
1,0,14,0,8,256,0,0,2,1.64,1010.51
5,3,15.6,1,4,256,0,0,2,1.8,847
12,0,14,0,2,0,32,0,2,1.45,210.8
9,0,15.6,0,16,256,0,0,2,2.4,1425
5,0,15.6,0,8,256,0,0,2,2.3,1049.6
1,0,14,0,4,0,0,500,2,1.54,1000
1,0,15.6,0,8,256,0,500,2,1.84,2103.34
1,0,14,0,8,256,0,0,8,1.43,1469
7,2,17.3,0,16,256,0,1024,2,3.78,1545.64
5,2,17.3,0,16,128,0,1024,2,4.6,2289.99
3,5,11.6,0,4,0,16,0,7,1.2,287.9
5,0,14,0,16,256,0,0,8,1.1,2620
1,0,15.6,0,8,0,0,1024,2,1.91,979
4,3,15.6,1,8,256,0,0,2,2.3,1094
1,0,15.6,0,4,256,0,0,2,2.04,979
4,1,13.3,1,16,1024,0,0,2,1.2,2254
1,0,15.6,0,4,0,0,500,2,2.31,705.15
1,0,15.6,0,4,0,0,500,1,1.96,499
2,0,15.6,0,8,0,0,1024,2,2.4,449
4,3,13.3,1,12,256,0,0,2,1.6,1299
7,2,15.6,0,16,256,0,1024,2,2.94,1819
1,0,15.6,0,8,256,0,0,2,2.04,1070
3,2,17.3,0,16,0,0,1024,1,4,998
4,0,15.6,0,4,0,0,1024,2,2.25,559
4,0,15.6,0,16,0,0,2048,2,2.32,989.99
7,2,15.6,0,16,256,0,1024,2,1.8,1929
4,1,13.3,0,8,256,0,0,2,1.29,1458
3,2,17.3,0,64,1024,0,0,2,3.58,3975
4,3,13.3,1,8,256,0,0,2,1.62,798.01
4,2,15.6,0,16,256,0,1024,2,3.21,1329
0,1,12,0,8,0,256,0,3,0.92,1300
4,0,15.6,0,4,0,0,500,2,2.06,481.98
1,0,15.6,0,4,0,0,500,2,2.31,1199
1,1,12.5,0,8,256,0,0,8,1.26,1199
1,0,13.3,0,8,256,0,0,2,1.49,1090
5,1,12.5,1,8,256,0,0,2,1.3,1713.49
5,0,17.3,0,8,0,0,1024,2,3,659
5,0,15.6,0,4,0,0,1024,2,2.3,977
7,2,17.3,0,16,256,0,1024,2,3.78,2499
5,0,15.6,0,4,0,0,500,2,2.1,540
1,0,15.6,0,4,0,0,500,8,2.31,940
5,1,12.5,1,8,512,0,0,2,0.99,1399
5,3,10.1,1,4,0,64,0,2,0.69,646.27
1,1,13.3,0,16,512,0,0,2,1.3,2049
4,0,15.6,0,8,256,0,0,2,2.18,750
1,0,14,0,4,0,0,500,8,1.54,1030.99
1,4,15.6,0,8,256,0,0,8,1.9,1495
5,0,14,0,8,180,0,0,8,1.7,1199
1,0,13.3,0,4,0,32,0,7,1.29,615
2,0,15.6,0,4,0,0,500,2,2.4,387
4,0,15.6,0,4,0,0,500,4,2.2,393.49
1,0,15.6,0,4,0,0,1024,1,1.86,345.99
3,2,17.3,0,8,256,0,1024,2,2.7,1599
4,1,13.3,0,4,256,0,0,2,1.4,818.35
1,5,12.5,0,4,128,0,0,8,2.4,1599
2,0,15.6,0,8,256,0,1024,2,2.4,799
4,0,15.6,0,8,0,0,1024,2,2.36,638.8
7,2,17.3,0,8,256,0,0,2,2.6,1599
1,0,15.6,0,4,0,0,1024,2,1.96,500
3,2,17.3,0,16,128,0,1024,2,4.3,2299
4,1,12.5,0,4,0,0,500,8,1.5,1135.15
4,1,12.5,0,4,128,0,0,8,1.5,1166.97
2,0,15.6,0,4,16,0,0,7,2.2,209
1,4,17.3,0,8,0,0,1024,8,3,2899
5,2,15.6,0,16,512,0,0,2,2.4,1199
4,1,12.5,0,8,256,0,0,8,1.5,1413.1
7,2,17.3,0,8,128,0,1024,2,2.9,1511.19
5,3,15.6,1,4,256,0,0,2,2.1,867
1,0,15.6,0,4,0,0,1024,2,2.1,398
3,2,15.6,0,16,128,0,1024,2,2.59,1339
1,0,13.3,1,8,256,0,0,2,1.16,1699
4,0,15.6,0,4,0,0,500,8,2.24,769.15
5,0,15.6,0,4,128,0,0,2,2.1,429
1,1,13.3,0,8,512,0,0,2,1.16,1969
5,3,10.1,1,4,0,64,0,5,0.69,549
4,1,13.3,0,8,256,0,0,2,1.23,1379
13,1,12.5,1,8,256,0,0,2,1.25,1029
9,1,13.3,0,16,512,0,0,2,1.05,2226
3,2,17.3,0,8,128,0,1024,2,3.52,1312.49
12,0,13.3,0,4,0,32,0,2,1.35,196
1,0,13.3,0,8,256,0,0,2,1.16,1690
1,0,14,0,8,256,0,0,8,1.43,1513
4,0,15.6,0,4,0,0,500,4,2.09,523.63
3,0,15.6,0,4,0,0,1024,2,2,435
5,3,14,1,8,256,0,0,2,1.8,1669
5,3,10.1,1,4,0,64,0,2,0.69,479
1,1,12.5,0,8,256,0,0,8,1.26,1895
5,2,15.6,0,8,128,0,1024,1,2.4,989
1,2,17.3,0,8,128,0,1024,2,3.35,1129
1,0,15.6,0,8,0,0,2048,2,2.04,629
5,3,14,1,8,512,0,0,8,1.8,2050.38
3,0,14,0,4,0,32,0,2,1.5,278
1,1,15.6,0,8,256,0,0,2,1.84,752
2,0,15.6,0,4,0,0,1024,2,2.23,616
1,4,17.3,0,8,256,0,0,8,3,3949.4
4,0,15.6,0,8,0,0,1024,2,2.5,784
7,2,17.3,0,16,256,0,1024,2,3.78,2399
1,1,15.6,0,8,256,0,0,8,1.88,2171.72
5,3,14,1,16,512,0,0,2,2.8,2440
7,2,15.6,0,8,128,0,1024,2,2.4,1142.8
1,3,13.3,1,8,256,0,0,2,1.48,1629
1,4,15.6,0,8,256,0,0,8,2.59,2229
1,3,13.3,1,8,256,0,0,2,1.48,1799
1,4,15.6,0,8,256,0,0,8,2,1899
1,1,12.5,0,8,256,0,0,8,1.26,2296.95
4,0,15.6,0,8,256,0,0,2,2.18,1009.9
1,0,15.6,0,8,256,0,0,8,1.88,1579
5,3,14,1,8,256,0,0,2,1.27,2339
5,0,15.6,0,4,0,0,1024,1,1.9,339
1,0,15.6,0,4,0,0,500,2,1.86,297
5,0,15.6,0,8,0,0,1024,1,2.32,599
4,2,15.6,0,8,0,0,1024,2,2.62,1199
4,0,15.6,1,8,256,0,0,2,2.04,2250.68
1,0,15.6,0,4,256,0,0,2,1.91,478.89
7,2,17.3,0,16,256,0,1024,2,2.7,1492.8
5,1,14,0,12,512,0,0,8,1.4,2299
1,3,13.3,1,8,512,0,0,2,1.48,2041
5,1,14,0,8,256,0,0,8,1.7,1499
7,2,14,0,16,256,0,1024,2,1.7,1769
1,2,15.6,0,8,0,0,1024,2,2.62,899
5,0,15.6,0,8,0,0,1024,2,2.2,459
1,0,15.6,0,4,0,0,500,1,2.1,476.99
4,2,15.6,0,8,128,0,1024,2,2.62,1498
5,0,15.6,0,8,256,0,0,2,1.95,1390
5,0,15.6,0,4,0,0,1024,2,2.2,468
1,0,14,0,2,0,32,0,2,1.44,249
7,2,15.6,0,8,0,0,1024,2,2.2,839
1,0,15.6,0,8,256,0,0,2,1.96,679
1,0,15.6,0,16,512,0,0,2,2.1,1159
3,0,15.6,0,4,0,0,500,2,2.2,369
5,0,15.6,0,4,0,0,500,1,2.1,398
5,0,15.6,0,8,0,0,1024,1,2.2,709
3,0,14,0,4,256,0,0,2,2,769
5,2,15.6,0,16,512,0,0,2,3.31,1305
7,2,15.6,0,16,128,0,1024,2,1.91,2153.37
1,0,15.6,0,4,0,0,500,2,2.07,650
5,3,14,1,8,256,0,0,2,1.36,1637
5,1,15.6,0,6,256,0,0,2,1.54,831
4,0,15.6,0,8,256,0,0,4,1.98,895.01
2,0,15.6,0,4,0,0,500,2,2.1,333
1,0,15.6,0,6,0,0,1024,2,2.18,799
3,2,15.6,0,8,256,0,1024,2,2.591,909
4,3,15.6,1,16,512,0,0,2,2.09,1179
2,0,15.6,0,4,256,0,0,2,2.23,691
4,1,13.3,1,8,256,0,0,4,1.23,1099
2,2,17.3,0,16,256,0,1024,2,4.2,2599
5,2,15.6,0,8,0,0,1024,2,2.4,819
15,3,12.3,1,4,0,32,0,7,1.15,659
1,0,15.6,0,4,0,0,500,2,1.86,485
0,1,12,0,8,0,256,0,3,0.92,1163
4,3,13.3,1,8,256,0,0,2,1.6,1199
1,0,15.6,0,12,128,0,1024,2,2.21,1327
5,0,15.6,0,4,0,0,1024,1,1.9,368
3,2,17.3,0,16,512,0,1024,2,4.3,2150
2,0,15.6,0,4,0,0,1024,4,2.1,272
7,2,17.3,0,16,256,0,1024,2,2.43,2048.9
4,0,15.6,0,4,128,0,0,2,2.3,499
5,0,15.6,0,8,0,0,500,1,2.2,629
4,3,15.6,1,16,512,0,0,2,2,1285
4,1,13.3,1,16,512,0,0,2,1.2,2680
3,2,15.6,0,8,0,0,1024,2,2.2,1169
4,0,15.6,0,8,256,0,0,2,2.36,889
1,0,15.6,0,8,256,0,0,2,1.91,579
5,0,15.6,0,4,0,0,500,2,2.2,299
2,0,17.3,0,8,0,0,1024,2,3.3,629
3,2,15.6,0,16,256,0,1024,2,2.2,2449
0,1,12,0,8,0,512,0,3,0.92,1279
3,0,15.6,0,16,128,0,1024,2,2.2,1749
7,2,17.3,0,16,256,0,1024,2,2.43,1948.99
4,3,15.6,1,8,256,0,0,2,2.191,999
3,2,17.3,0,16,256,0,1024,2,2.9,1949
2,5,11.6,0,2,32,0,0,7,1.3,174
2,0,17.3,0,4,0,0,1024,2,3.3,598
5,0,17.3,0,8,0,0,1024,1,2.8,539
5,2,15.6,0,8,128,0,1024,2,2.6,1272
2,3,14,1,8,256,0,0,2,1.2,1149
5,0,15.6,0,8,256,0,0,2,2.3,1529
7,2,15.6,0,8,128,0,1024,2,2.2,1476.11
1,0,15.6,0,6,0,0,1024,2,2.1,529
4,1,12.5,1,8,256,0,0,8,1.26,1713.37
4,3,15,1,4,0,0,500,2,2.08,509
3,0,15.6,0,4,0,0,1024,2,2.65,309
4,1,13.3,1,8,256,0,0,2,1.29,1477
4,0,15.6,0,4,0,0,1024,4,2.18,521.86
5,2,15.6,1,16,128,0,1024,2,2.6,1029
7,2,15.6,0,8,128,0,1024,2,2.2,1149
5,5,12.5,1,16,512,0,0,2,1.3,1650
13,2,14,0,16,1024,0,0,2,1.95,3499
4,0,15.6,1,8,0,0,1024,2,2.3,469.01
7,2,17.3,0,16,256,0,1024,2,2.7,1598
0,1,11.6,0,4,0,256,0,3,1.08,959
1,0,15.6,0,4,0,0,1024,2,2.1,478
1,1,14,0,8,256,0,0,8,1.54,2198.19
4,0,15.6,0,4,0,0,500,8,2.24,737
7,2,15.6,0,8,128,0,1024,2,2.3,1169
5,0,13.3,0,16,512,0,0,2,1.4,1499
5,0,15.6,0,6,256,0,0,2,2.2,597.57
3,1,13.3,0,8,256,0,0,2,1.45,1280
2,0,15.6,0,4,0,0,500,4,2.4,361.8
4,3,17.3,1,16,512,0,0,2,2.77,1799
1,0,14,0,4,256,0,0,8,1.54,1099.99
3,2,15.6,0,16,256,0,1024,2,2.5,1600
4,0,14,0,4,0,0,500,2,1.6,875
3,2,15.6,0,16,256,0,1024,2,2.34,2325
5,0,15.6,0,8,256,0,0,1,2.3,573
4,3,13.3,1,8,256,0,0,2,1.24,1813
4,0,15.6,0,4,0,0,500,4,2.2,324
1,0,15.6,0,4,0,0,500,2,1.86,399
5,0,15.6,0,6,128,0,0,2,2.4,569
5,0,14,0,8,256,0,0,2,1.9,1072
4,0,15.6,0,4,0,0,500,2,2.2,443.99
3,0,15.6,0,4,0,0,1024,2,2,339
3,2,17.3,0,16,128,0,1024,2,4,1900
4,0,15.6,0,4,0,0,500,2,2.29,490
7,2,15.6,0,8,128,0,1024,2,2.4,1229
5,3,14,1,4,128,0,0,2,1.8,833.01
3,1,13.3,0,8,512,0,0,2,1.2,729
4,0,15.6,0,6,0,0,1024,2,2.3,459
2,0,15.6,0,4,0,0,500,4,2.4,289
4,0,15.6,0,2,0,0,500,2,2.2,379
5,0,15.6,0,8,0,0,1024,2,2.6,899
4,0,15.6,0,8,0,0,1024,4,2.3,805.99
1,5,11.6,0,2,0,32,0,2,1.17,209
3,0,15.6,0,4,0,0,500,2,2.2,720.32
5,3,14,1,4,128,0,0,2,1.8,638
5,3,13.3,1,16,512,0,0,2,1.3,1499
5,0,14,0,2,0,64,0,2,1.5,229
1,0,15.6,0,6,0,0,1024,2,2.19,764
3,0,15.6,0,4,0,0,500,2,2.2,369
3,1,13.3,0,8,512,0,0,2,1.2,729
4,0,15.6,0,6,0,0,1024,2,2.3,459
2,0,15.6,0,4,0,0,500,4,2.4,289
4,0,15.6,0,2,0,0,500,2,2.2,379
5,0,15.6,0,8,0,0,1024,2,2.6,899
4,0,15.6,0,8,0,0,1024,4,2.3,805.99
1,5,11.6,0,2,0,32,0,2,1.17,209
3,0,15.6,0,4,0,0,500,2,2.2,720.32
5,3,14,1,4,128,0,0,2,1.8,638
5,3,13.3,1,16,512,0,0,2,1.3,1499
5,0,14,0,2,0,64,0,2,1.5,229
1,0,15.6,0,6,0,0,1024,2,2.19,764
3,0,15.6,0,4,0,0,500,2,2.2,369
3,1,13.3,0,8,512,0,0,2,1.2,729
4,0,15.6,0,6,0,0,1024,2,2.3,459
2,0,15.6,0,4,0,0,500,4,2.4,289
4,0,15.6,0,2,0,0,500,2,2.2,379
5,0,15.6,0,8,0,0,1024,2,2.6,899
4,0,15.6,0,8,0,0,1024,4,2.3,805.99
1,5,11.6,0,2,0,32,0,2,1.17,209
3,0,15.6,0,4,0,0,500,2,2.2,720.32
5,3,14,1,4,128,0,0,2,1.8,638
5,3,13.3,1,16,512,0,0,2,1.3,1499
5,0,14,0,2,0,64,0,2,1.5,229
1,0,15.6,0,6,0,0,1024,2,2.19,764
3,0,15.6,0,4,0,0,500,2,2.2,369
